ファイル名,説明文
k22001-バッグ-0001-01.jpg,黒にオレンジの紐がついたJAPANのリュックサック（バッグ）
k22001-バッグ-0001-02.jpg,黒にオレンジの紐がついたJAPANのリュックサック（バッグ）
k22001-バッグ-0002-01.jpg,辛子色のバッグ
k22001-バッグ-0002-02.jpg,辛子色のバッグ
k22001-バッグ-0003-01.jpg,ベージュのモフモフのバッグ
k22001-バッグ-0004-01.jpg,オレンジ色の皮のバッグ
k22001-バッグ-0004-02.jpg,オレンジ色の皮のバッグ
k22001-バッグ-0005-01.jpg,茶色の皮のバッグ
k22001-バッグ-0005-02.jpg,茶色の皮のバッグ
k22001-バッグ-0006-01.jpg,ベージュと虹色のCOACHのリュックサック（バッグ）
k22001-バッグ-0006-02.jpg,ベージュと虹色のCOACHのリュックサック（バッグ）
C23078-バッグ-0001-01.jpg,白色のCの内側に赤が入っており、右半分は青のロゴ(chanpion)が入った黒色のショルダーバッグ
C23078-バッグ-0002-01.jpg,黒色の横に長い大きなショルダーバッグ
C23078-バッグ-0003-01.jpg,合皮を使った黒色のオフィスバッグ
B23026-バッグ-0001-01.jpg,黒いショルダーバッグ、裏地が水色で、ワンポイントで下の方に装飾がついている
B23026-バッグ-0001-02.jpg,黒いショルダーバッグ、裏地が水色
B23026-バッグ-0002-01.jpg,黒いハンドバッグ
B23026-バッグ-0002-02.jpg,黒いハンドバッグ、裏側にアニメの缶バッチが入っている
C23078-バッグ-0004-01.jpg,明るい茶色の革製のボディバッグ、一部ダークブラウンのアクセント、ストラップ部分は黒色
C23078-バッグ-0005-01.jpg,"黒いショルダーバッグ、「Dickies」とブランド名が書かれている。アクセサリーとして,Vtuberの「にじさんじ」のストラップや御守りがついている。"
B23014-バッグ-0001-01.jpg,ノースフェイスの黒のショルダーバッグ
B23014-バッグ-0002-01.jpg,ノースフェイスの茶色のリュック　仮眠用クッションが横についている
B23014-バッグ-0003-01.jpg,ニューバランスの黒のリュック
B23014-バッグ-0004-01.jpg,無地で白の斜めかけバッグ
B23014-バッグ-0005-01.jpg,紫、赤、黄色、青、緑、ピンク色のバッグ　「SAORI」と書かれている
B23014-バッグ-0006-01.jpg,カーキ色のAVIREXのバッグ
B23014-バッグ-0007-01.jpg,赤ベースに青、白、黄色で花柄が書かれているバッグ
B23014-バッグ-0008-01.jpg,黄色、紺色、赤色で書かれていてガマ口に茶色の紐がついているバッグ
C23078-バッグ-0006-01.jpg,ベージュのバッグ、中央に「GELATO PIQUE」とブランド名、下部に「MY FAVORITE COLOR」と書かれている
b23028-バッグ-0001-01.jpg,赤い色バッグ 女性に人気の商品
B23048-バッグ-0001-01.jpg,MOUSSYと書かれた黒いバッグ　ジェラトーニのマスコット付き　
B23056-バッグ-0001.JPG,BENDAVIS　とピンク色で書かれた黒色のリュック
B23056-バッグ-0002.JPG,白色の肩掛けバッグ
B23056-バッグ-0003.JPG,Leeの黒色のリュック
B23048-バッグ-0002-01.jpg,黒いリュックサック　モケケ、ミニーのカチューシャストラップ、缶バッジ付き
B23002-バッグ-0002-01.jpg,黒い革のバッグ
B23048-バッグ-0003-01.jpg,白い肩掛けバッグ　キティちゃんとハミクマのストラップ
B23056-バッグ-0004.JPG,LANVINの赤色のバッグ
B23056-バッグ-0005.JPG,KITAMURAの黄色のバッグ　持ち手とバッグの下部分はベージュ色
k22001-バッグ-0007-01.jpg,猫の形をした黒のリュックタイプのバッグ
k22001-バッグ-0008-01.jpg,TRADER JOE’Sと書いた白地に紺色の紐がついたトートバッグ
k22001-バッグ-0009-01.jpg,クジラの絵とJIBとかいたベージュ色で茶色の紐がついたバッグ
25G355-バッグ-0001.jpg,紺パソコンバッグ
25G355-バッグ-0002.jpg,紺肩掛けバッグ　赤い花柄の飾り刺繍
25G355-バッグ-0003.jpg,白ハンドバッグ　持ち手竹
25G355-バッグ-0004.jpg,青白小型パッチワーク柄バック　ストライプ、ドット、マリン
25G355-バッグ-0005.jpg,赤手さげバッグ　革
25G355-バッグ-0006.jpg,黒小型ボストンバック
25G355-バッグ-0007.jpg,白手さげバッグ　星柄 reynspoonerraⓇshop
25G355-バッグ-0008.jpg,黄肩掛けバッグ大　一澤帆布
25G355-バッグ-0009.jpg,　ショルダーバッグ　一澤帆布
25G355-バッグ-0010.jpg,黒リュック　karrimor
25G355-バッグ-00011.jpg,紺ショルダーバッグ　dakota
25G355-バッグ-00012.jpg,紺保冷バック
B23022-バック-0003.jpg,jansportのブルールック
B23022-バック-0004.jpg,白い素材でCHIC IN PARISと書かれている青緑色のリュックサック、ベージュの動物のぬいぐるみがついている
